<?xml version="1.0" encoding="UTF-8" ?>
<dining>
	<location>
		<name>SAC Omelet Pan</name>
		<fridayy>7.5,8,9,10,11,12,13,14.5</fridayy>
		<saturdayy>7.5,8,9,10,11,12,13,14.5</saturdayy>
		<sundayy>7.5,8,9,10,11,12,13,14.5</sundayy>
		<monday>7.5,8,9,10,11,12,13,14.5</monday>
		<tuesday>7.5,8,9,10,11,12,13,14.5</tuesday>
		<wednesday>7.5,8,9,10,11,12,13,14.5</wednesday>
		<thursday>7.5,8,9,10,11,12,13,14.5</thursday>
		<friday>7.5,8,9,10,11,12,13,14.5</friday>
		<saturday>7.5,8,9,10,11,12,13,14.5</saturday>
		<sunday>7.5,8,9,10,11,12,13,14.5</sunday>
	</location>
	<location>
		<name>SAC Phi Beta Bagel</name>
		<fridayy>7.5,8,9,10,11,12,13,14,15,16,17,18,19,20,21,22</fridayy>
		<saturdayy>0</saturdayy>
		<sundayy>0</sundayy>
		<monday>7.5,8,9,10,11,12,13,14,15,16,17,18,19,20,21,22</monday>
		<tuesday>7.5,8,9,10,11,12,13,14,15,16,17,18,19,20,21,22</tuesday>
		<wednesday>7.5,8,9,10,11,12,13,14,15,16,17,18,19,20,21,22</wednesday>
		<thursday>7.5,8,9,10,11,12,13,14,15,16,17,18,19,20,21,22</thursday>
		<friday>7.5,8,9,10,11,12,13,14,15,16,17,18,19,20,21,22</friday>
		<saturday>0</saturday>
		<sunday>0</sunday>
	</location>
	<location>
		<name>SAC Ignite Breakfast</name>
		<fridayy>7.5,8,9,10.5</fridayy>
		<saturdayy>0</saturdayy>
		<sundayy>0</sundayy>
		<monday>7.5,8,9,10.5</monday>
		<tuesday>7.5,8,9,10.5</tuesday>
		<wednesday>7.5,8,9,10.5</wednesday>
		<thursday>7.5,8,9,10.5</thursday>
		<friday>7.5,8,9,10.5</friday>
		<saturday>0</saturday>
		<sunday>0</sunday>
	</location>
	<location>
		<name>SAC Ignite Grill</name>
		<fridayy>10.5,11,12,13,14,15,16,17,18,19,20,21</fridayy>
		<saturdayy>12,13,14,15,16,17,18</saturdayy>
		<sundayy>12,13,14,15,16,17,18</sundayy>
		<monday>10.5,11,12,13,14,15,16,17,18,19,20,21</monday>
		<tuesday>10.5,11,12,13,14,15,16,17,18,19,20,21</tuesday>
		<wednesday>10.5,11,12,13,14,15,16,17,18,19,20,21</wednesday>
		<thursday>10.5,11,12,13,14,15,16,17,18,19,20,21</thursday>
		<friday>10.5,11,12,13,14,15,16,17,18,19,20,21</friday>
		<saturday>12,13,14,15,16,17,18</saturday>
		<sunday>12,13,14,15,16,17,18</sunday>
	</location>
	<location>
		<name>Mulbery Street Breakfast</name>
		<fridayy>7.5,8,9,10,11,12,13,14,15,16,17,18,19,20,21,22.5</fridayy>
		<saturdayy>0</saturdayy>
		<sundayy>0</sundayy>
		<monday>7.5,8,9,10,11,12,13,14,15,16,17,18,19,20,21,22.5</monday>
		<tuesday>7.5,8,9,10,11,12,13,14,15,16,17,18,19,20,21,22.5</tuesday>
		<wednesday>7.5,8,9,10,11,12,13,14,15,16,17,18,19,20,21,22.5</wednesday>
		<thursday>7.5,8,9,10,11,12,13,14,15,16,17,18,19,20,21,22.5</thursday>
		<friday>7.5,8,9,10,11,12,13,14,15,16,17,18,19,20,21,22.5</friday>
		<saturday>0</saturday>
		<sunday>0</sunday>
	</location>
	<location>
		<name>Mulbery Street Entree</name>
		<fridayy>11,12,13,14,15,16,17,18,19,20</fridayy>
		<saturdayy>0</saturdayy>
		<sundayy>0</sundayy>
		<monday>11,12,13,14,15,16,17,18,19,20</monday>
		<tuesday>11,12,13,14,15,16,17,18,19,20</tuesday>
		<wednesday>11,12,13,14,15,16,17,18,19,20</wednesday>
		<thursday>11,12,13,14,15,16,17,18,19,20</thursday>
		<friday>11,12,13,14,15,16,17,18,19,20</friday>
		<saturday>12,13,14,15,16,17,18</saturday>
		<sunday>12,13,14,15,16,17,18</sunday>
	</location>
	<location>
		<name>SAC Pizza</name>
		<fridayy>11,12,13,14,15,16,17,18,19,20</fridayy>
		<saturdayy>12,13,14,15,16,17,18</saturdayy>
		<sundayy>12,13,14,15,16,17,18</sundayy>
		<monday>11,12,13,14,15,16,17,18,19,20</monday>
		<tuesday>11,12,13,14,15,16,17,18,19,20</tuesday>
		<wednesday>11,12,13,14,15,16,17,18,19,20</wednesday>
		<thursday>11,12,13,14,15,16,17,18,19,20</thursday>
		<friday>11,12,13,14,15,16,17,18,19,20</friday>
		<saturday>12,13,14,15,16,17,18</saturday>
		<sunday>12,13,14,15,16,17,18</sunday>
	</location>
	<location>
		<name>Wrap it Up</name>
		<fridayy>10.5,11,12,13,14,15,16,17,18,19,20,21</fridayy>
		<saturdayy>0</saturdayy>
		<sundayy>0</sundayy>
		<monday>10.5,11,12,13,14,15,16,17,18,19,20,21</monday>
		<tuesday>10.5,11,12,13,14,15,16,17,18,19,20,21</tuesday>
		<wednesday>10.5,11,12,13,14,15,16,17,18,19,20,21</wednesday>
		<thursday>10.5,11,12,13,14,15,16,17,18,19,20,21</thursday>
		<friday>10.5,11,12,13,14,15,16,17,18,19,20,21</friday>
		<saturday>0</saturday>
		<sunday>0</sunday>
	</location>
	<location>
		<name>Salad Bar</name>
		<fridayy>10.5,11,12,13,14,15,16,17,18,19,20,21</fridayy>
		<saturdayy>12,13,14,15,16,17,18</saturdayy>
		<sundayy>12,13,14,15,16,17,18</sundayy>
		<monday>10.5,11,12,13,14,15,16,17,18,19,20,21</monday>
		<tuesday>10.5,11,12,13,14,15,16,17,18,19,20,21</tuesday>
		<wednesday>10.5,11,12,13,14,15,16,17,18,19,20,21</wednesday>
		<thursday>10.5,11,12,13,14,15,16,17,18,19,20,21</thursday>
		<friday>10.5,11,12,13,14,15,16,17,18,19,20,21</friday>
		<saturday>12,13,14,15,16,17,18</saturday>
		<sunday>12,13,14,15,16,17,18</sunday>
	</location>
	<location>
		<name>Yogurt Mania</name>
		<fridayy>7.5,9,10,11,12,13,14,15,16,17,18,19,20,21</fridayy>
		<saturdayy>12,13,14,15,16,17,18</saturdayy>
		<sundayy>12,13,14,15,16,17,18</sundayy>
		<monday>7.5,9,10,11,12,13,14,15,16,17,18,19,20,21</monday>
		<tuesday>7.5,9,10,11,12,13,14,15,16,17,18,19,20,21</tuesday>
		<wednesday>7.5,9,10,11,12,13,14,15,16,17,18,19,20,21</wednesday>
		<thursday>7.5,9,10,11,12,13,14,15,16,17,18,19,20,21</thursday>
		<friday>7.5,9,10,11,12,13,14,15,16,17,18,19,20,21</friday>
		<saturday>12,13,14,15,16,17,18</saturday>
		<sunday>12,13,14,15,16,17,18</sunday>
	</location>
	<location>
		<name>Union Deli</name>
		<fridayy>8,9,10,11,12,13,14,15,16,17,18,19</fridayy>
		<saturdayy>0</saturdayy>
		<sundayy>0</sundayy>
		<monday>0</monday>
		<tuesday>0</tuesday>
		<wednesday>0</wednesday>
		<thursday>0</thursday>
		<friday>0</friday>
		<saturday>0</saturday>
		<sunday>9,10,11,12,13,14,15,16,17,18,19,20,21,22,23</sunday>
	</location>
	<location>
		<name>Starbucks (Union)</name>
		<fridayy>8,9,10,11,12,13,14,15,16</fridayy>
		<saturdayy>0</saturdayy>
		<sundayy>0</sundayy>
		<monday>0</monday>
		<tuesday>0</tuesday>
		<wednesday>0</wednesday>
		<thursday>0</thursday>
		<friday>0</friday>
		<saturday>0</saturday>
		<sunday>11,12,13,14,15,16,17,18,19,20,21,22,23,24</sunday>
	</location>
	<location>
		<name>Delancey Street</name>
		<fridayy>10,11,12,13,14,15,16</fridayy>
		<saturdayy>0</saturdayy>
		<sundayy>0</sundayy>
		<monday>0</monday>
		<tuesday>0</tuesday>
		<wednesday>0</wednesday>
		<thursday>0</thursday>
		<friday>0</friday>
		<saturday>0</saturday>
		<sunday>0</sunday>
	</location>
	<location>
		<name>Picantes</name>
		<fridayy>11,12,13,14,15,16,17,18</fridayy>
		<saturdayy>0</saturdayy>
		<sundayy>0</sundayy>
		<monday>0</monday>
		<tuesday>0</tuesday>
		<wednesday>0</wednesday>
		<thursday>0</thursday>
		<friday>0</friday>
		<saturday>0</saturday>
		<sunday>0</sunday>
	</location>
	<location>
		<name>Ignite</name>
		<fridayy>11,12,13,14,15,16,17,18</fridayy>
		<saturdayy>0</saturdayy>
		<sundayy>0</sundayy>
		<monday>0</monday>
		<tuesday>0</tuesday>
		<wednesday>0</wednesday>
		<thursday>0</thursday>
		<friday>0</friday>
		<saturday>0</saturday>
		<sunday>17.5,18,19,20,21,22</sunday>
	</location>
	<location>
		<name>Hikari</name>
		<fridayy>11,12,13,14,15,16,17,18</fridayy>
		<saturdayy>0</saturdayy>
		<sundayy>0</sundayy>
		<monday>0</monday>
		<tuesday>0</tuesday>
		<wednesday>0</wednesday>
		<thursday>0</thursday>
		<friday>0</friday>
		<saturday>0</saturday>
		<sunday>0</sunday>
	</location>
	<location>
		<name>U-Pick</name>
		<fridayy>11,12,13,14,15,16,17,18</fridayy>
		<saturdayy>0</saturdayy>
		<sundayy>0</sundayy>
		<monday>0</monday>
		<tuesday>0</tuesday>
		<wednesday>0</wednesday>
		<thursday>0</thursday>
		<friday>0</friday>
		<saturday>0</saturday>
		<sunday>0</sunday>
	</location>
	<location>
		<name>Halal</name>
		<fridayy>11,12,13,14,15,16,17,18</fridayy>
		<saturdayy>0</saturdayy>
		<sundayy>0</sundayy>
		<monday>0</monday>
		<tuesday>0</tuesday>
		<wednesday>0</wednesday>
		<thursday>0</thursday>
		<friday>0</friday>
		<saturday>0</saturday>
		<sunday>0</sunday>
	</location>
	<location>
		<name>Green Street Cafe</name>
		<fridayy>11,12,13,14,15,16,17,18</fridayy>
		<saturdayy>0</saturdayy>
		<sundayy>0</sundayy>
		<monday>0</monday>
		<tuesday>0</tuesday>
		<wednesday>0</wednesday>
		<thursday>0</thursday>
		<friday>0</friday>
		<saturday>0</saturday>
		<sunday>17.5,18,19,20,21,22</sunday>
	</location>
	<location>
		<name>Buenos Nachos Express</name>
		<fridayy>0</fridayy>
		<saturdayy>0</saturdayy>
		<sundayy>0</sundayy>
		<monday>0</monday>
		<tuesday>0</tuesday>
		<wednesday>0</wednesday>
		<thursday>0</thursday>
		<friday>0</friday>
		<saturday>0</saturday>
		<sunday>17.5,18,19,20,21,22,23,24,25,26</sunday>
	</location>
	<location>
		<name>Brunch</name>
		<fridayy>0</fridayy>
		<saturdayy>0</saturdayy>
		<sundayy>0</sundayy>
		<monday>0</monday>
		<tuesday>0</tuesday>
		<wednesday>0</wednesday>
		<thursday>0</thursday>
		<friday>0</friday>
		<saturday>0</saturday>
		<sunday>10.5,11,12,13,14,15</sunday>
	</location>
	<location>
		<name>Mulberry Street</name>
		<fridayy>11,12,13,14,15,16,17,18</fridayy>
		<saturdayy>0</saturdayy>
		<sundayy>0</sundayy>
		<monday>0</monday>
		<tuesday>0</tuesday>
		<wednesday>0</wednesday>
		<thursday>0</thursday>
		<friday>0</friday>
		<saturday>0</saturday>
		<sunday>17.5,18,19,20,21,22,23,24,25,26</sunday>
	</location>
	<location>
		<name>Corner Cafe</name>
		<fridayy>7,8,9,10,11,12,13,14,15,16,17,18,19,20</fridayy>
		<saturdayy>0</saturdayy>
		<sundayy>0</sundayy>
		<monday>0</monday>
		<tuesday>0</tuesday>
		<wednesday>0</wednesday>
		<thursday>0</thursday>
		<friday>0</friday>
		<saturday>0</saturday>
		<sunday>8.5,9,10,11,12,13,14,15,16,17,18,19,20,21,22,23,24</sunday>
	</location>
	<location>
		<name>Bob's BBQ</name>
		<fridayy>7,8,9,10,11,12,13,14,15,16,17,18,19,20,21</fridayy>
		<saturdayy>0</saturdayy>
		<sundayy>0</sundayy>
		<monday>0</monday>
		<tuesday>0</tuesday>
		<wednesday>0</wednesday>
		<thursday>0</thursday>
		<friday>0</friday>
		<saturday>0</saturday>
		<sunday>10.5,11,12,13,14,15,16,17,18,19,20,21,22.5</sunday>
	</location>
	<location>
		<name>Kelly Deli</name>
		<fridayy>10.5,11,12,13,14,15,16,17,18,19,20,21</fridayy>
		<saturdayy>0</saturdayy>
		<sundayy>0</sundayy>
		<monday>0</monday>
		<tuesday>0</tuesday>
		<wednesday>0</wednesday>
		<thursday>0</thursday>
		<friday>0</friday>
		<saturday>0</saturday>
		<sunday>10.5,11,12,13,14,15,16,17,18,19,20,21,22,23,24,25,26</sunday>
	</location>
	<location>
		<name>Chef Jet Breakfast</name>
		<fridayy>0</fridayy>
		<saturdayy>0</saturdayy>
		<sundayy>0</sundayy>
		<monday>0</monday>
		<tuesday>0</tuesday>
		<wednesday>0</wednesday>
		<thursday>0</thursday>
		<friday>0</friday>
		<saturday>0</saturday>
		<sunday>10.5,11,12,13,14,15</sunday>
	</location>
	<location>
		<name>Chef Jet Dinner</name>
		<fridayy>11,12,13,14,15,16,17,18,19,20</fridayy>
		<saturdayy>0</saturdayy>
		<sundayy>0</sundayy>
		<monday>0</monday>
		<tuesday>0</tuesday>
		<wednesday>0</wednesday>
		<thursday>0</thursday>
		<friday>0</friday>
		<saturday>0</saturday>
		<sunday>0</sunday>
	</location>
	<location>
		<name>International Market</name>
		<fridayy>11,12,13,14,15,16,17,18</fridayy>
		<saturdayy>0</saturdayy>
		<sundayy>0</sundayy>
		<monday>0</monday>
		<tuesday>0</tuesday>
		<wednesday>0</wednesday>
		<thursday>0</thursday>
		<friday>0</friday>
		<saturday>0</saturday>
		<sunday>10.5,11,12,13,14,15,16,17,18,19,20,21,22,23,24,25,26</sunday>
	</location>
	<location>
		<name>Grab N Go</name>
		<fridayy>7,8,9,10,11,12,13,14,15,16,17,18,19,20,21</fridayy>
		<saturdayy>0</saturdayy>
		<sundayy>0</sundayy>
		<monday>0</monday>
		<tuesday>0</tuesday>
		<wednesday>0</wednesday>
		<thursday>0</thursday>
		<friday>0</friday>
		<saturday>0</saturday>
		<sunday>7,8,9,10,11,12,13,14,15,16,17,18,19,20,21,22,23,24,25,26,27</sunday>
	</location>
	<location>
		<name>Soup and Salad</name>
		<fridayy>10.5,11,12,13,14,15,16,17,18,19</fridayy>
		<saturdayy>0</saturdayy>
		<sundayy>0</sundayy>
		<monday>0</monday>
		<tuesday>0</tuesday>
		<wednesday>0</wednesday>
		<thursday>0</thursday>
		<friday>0</friday>
		<saturday>0</saturday>
		<sunday>10.5,11,12,13,14,15,16,17,18,19,20,21,22,23,24</sunday>
	</location>
	<location>
		<name>Pizza,Pasta and Panini</name>
		<fridayy>11,12,13,14,15,16,17,18,19,20,21</fridayy>
		<saturdayy>0</saturdayy>
		<sundayy>0</sundayy>
		<monday>0</monday>
		<tuesday>0</tuesday>
		<wednesday>0</wednesday>
		<thursday>0</thursday>
		<friday>0</friday>
		<saturday>0</saturday>
		<sunday>11,12,13,14,15,16,17,18,19,20,21,22,23,24</sunday>
	</location>
	<location>
		<name>Starbucks (Roth)</name>
		<fridayy>8,9,10,11,12,13,14,15,16</fridayy>
		<saturdayy>0</saturdayy>
		<sundayy>0</sundayy>
		<monday>0</monday>
		<tuesday>0</tuesday>
		<wednesday>0</wednesday>
		<thursday>0</thursday>
		<friday>0</friday>
		<saturday>0</saturday>
		<sunday>11,12,13,14,15,16,17,18,19,20,21,22,23,24</sunday>
	</location>
	<location>
		<name>Wendy's</name>
		<fridayy>11.5,12,13,14,15,16,17,18,19,20</fridayy>
		<saturdayy>0</saturdayy>
		<sundayy>0</sundayy>
		<monday>0</monday>
		<tuesday>0</tuesday>
		<wednesday>0</wednesday>
		<thursday>0</thursday>
		<friday>0</friday>
		<saturday>0</saturday>
		<sunday>12,13,14,15,16,17,18,19,20,21,22,23,24,25</sunday>
	</location>
	<location>
		<name>s3</name>
		<fridayy>11.5,12,13,14,15,16,17,18,19,20</fridayy>
		<saturdayy>0</saturdayy>
		<sundayy>0</sundayy>
		<monday>0</monday>
		<tuesday>0</tuesday>
		<wednesday>0</wednesday>
		<thursday>0</thursday>
		<friday>0</friday>
		<saturday>0</saturday>
		<sunday>12,13,14,15,16,17,18,19,20,21,22,23,24,25</sunday>
	</location>
	<location>
		<name>s3 Baguettes</name>
		<fridayy>11.5,12,13,14,15,16,17,18,19,20</fridayy>
		<saturdayy>0</saturdayy>
		<sundayy>0</sundayy>
		<monday>0</monday>
		<tuesday>0</tuesday>
		<wednesday>0</wednesday>
		<thursday>0</thursday>
		<friday>0</friday>
		<saturday>0</saturday>
		<sunday>12,13,14,15,16,17,18,19,20,21,22,23,24,25</sunday>	</location>
	<location>
		<name>Roth Market Fresh</name>
		<fridayy>14,15,16,17,18,19,20</fridayy>
		<saturdayy>0</saturdayy>
		<sundayy>0</sundayy>
		<monday>0</monday>
		<tuesday>0</tuesday>
		<wednesday>0</wednesday>
		<thursday>0</thursday>
		<friday>0</friday>
		<saturday>0</saturday>
		<sunday>14,15,16,17,18,19,20,21</sunday>
	</location>
	<location>
		<name>Red Mango</name>
		<fridayy>11,12,13,14,15,16,17,18,19,20</fridayy>
		<saturdayy>0</saturdayy>
		<sundayy>0</sundayy>
		<monday>0</monday>
		<tuesday>0</tuesday>
		<wednesday>0</wednesday>
		<thursday>0</thursday>
		<friday>0</friday>
		<saturday>0</saturday>
		<sunday>11,12,13,14,15,16,17,18,19,20,21,22,23,24,25</sunday>
	</location>
	<location>
		<name>Dunkin' Donuts</name>
		<fridayy>0</fridayy>
		<saturdayy>0</saturdayy>
		<sundayy>0</sundayy>
		<monday>0</monday>
		<tuesday>0</tuesday>
		<wednesday>0</wednesday>
		<thursday>0</thursday>
		<friday>0</friday>
		<saturday>0</saturday>
		<sunday>17.5,18,19,20,21,22,23,24</sunday>
	</location>
	<location>
		<name>Administration Cart</name>
		<fridayy>8,9,10,11,12,13,14</fridayy>
		<saturdayy>0</saturdayy>
		<sundayy>0</sundayy>
		<monday>8,9,10,11,12,13,14</monday>
		<tuesday>8,9,10,11,12,13,14</tuesday>
		<wednesday>8,9,10,11,12,13,14</wednesday>
		<thursday>8,9,10,11,12,13,14</thursday>
		<friday>8,9,10,11,12,13,14</friday>
		<saturday>0</saturday>
		<sunday>0</sunday>
	</location>
	<location>
		<name>Life Sciences Cart</name>
		<fridayy>8,9,10,11,12,13,14.5</fridayy>
		<saturdayy>0</saturdayy>
		<sundayy>0</sundayy>
		<monday>0</monday>
		<tuesday>0</tuesday>
		<wednesday>0</wednesday>
		<thursday>0</thursday>
		<friday>0</friday>
		<saturday>0</saturday>
		<sunday>0</sunday>
	</location>
	<location>
		<name>Jasmine</name>
		<fridayy>11,12,13,14,15,16,17,18</fridayy>
		<saturdayy>0</saturdayy>
		<sundayy>0</sundayy>
		<monday>11,12,13,14,15,16,17,18</monday>
		<tuesday>11,12,13,14,15,16,17,18</tuesday>
		<wednesday>11,12,13,14,15,16,17,18</wednesday>
		<thursday>11,12,13,14,15,16,17,18</thursday>
		<friday>11,12,13,14,15,16,17,18</friday>
		<saturday>12,13,14,15,16,17,18</saturday>
		<sunday>12,13,14,15,16,17,18,19,20</sunday>
	</location>
	<location>
		<name>J-Club</name>
		<fridayy>0</fridayy>
		<saturdayy>0</saturdayy>
		<sundayy>0</sundayy>
		<monday>11,12,13,14.5</monday>
		<tuesday>11,12,13,14.5</tuesday>
		<wednesday>11,12,13,14.5</wednesday>
		<thursday>11,12,13,14.5</thursday>
		<friday>11,12,13,14.5</friday>
		<saturday>0</saturday>
		<sunday>0</sunday>
	</location>
	<location>
		<name>Jasmine Tea House</name>
		<fridayy>11,12,13,14,15,16,17,18</fridayy>
		<saturdayy>0</saturdayy>
		<sundayy>0</sundayy>
		<monday>11,12,13,14,15,16,17,18</monday>
		<tuesday>11,12,13,14,15,16,17,18</tuesday>
		<wednesday>11,12,13,14,15,16,17,18</wednesday>
		<thursday>11,12,13,14,15,16,17,18</thursday>
		<friday>11,12,13,14,15,16,17,18</friday>
		<saturday>12,13,14,15,16,17,18</saturday>
		<sunday>12,13,14,15,16,17,18,19,20</sunday>
	</location>
</dining>
