<?xml version="1.0" encoding="UTF-8" ?>
<fsa>
	<location>
		<name>Bank (Health Science Center)</name>
		<monday>9,10,11,12,13,14,15,16.5</monday>
		<tuesday>9,10,11,12,13,14,15,16.5</tuesday>
		<wednesday>8.5,9,10,11,12,13,14,15,16,17</wednesday>
		<thursday>9,10,11,12,13,14,15,16.5</thursday>
		<friday>9,10,11,12,13,14,15,16.5</friday>
		<saturday>0</saturday>
		<sunday>0</sunday>
	</location>
	<location>
		<name>Bank (Student Activities Center)</name>
		<monday>9,10,11,12,13,14,15,16.5</monday>
		<tuesday>9,10,11,12,13,14,15,16.5</tuesday>
		<wednesday>8.5,9,10,11,12,13,14,15,16,17</wednesday>
		<thursday>0</thursday>
		<friday>0</friday>
		<saturday>0</saturday>
		<sunday>0</sunday>
	</location>
	<location>
		<name>FSA Services</name>
		<monday>9,10,11,12,13,14,15,16,17</monday>
		<tuesday>9,10,11,12,13,14,15,16,17</tuesday>
		<wednesday>9,10,11,12,13,14,15,16,17</wednesday>
		<thursday>9,10,11,12,13,14,15,16,17</thursday>
		<friday>9,10,11,12,13,14,15,16,17</friday>
		<saturday>0</saturday>
		<sunday>0</sunday>
	</location>
	<location>
		<name>HSC Bookstore</name>
		<monday>8.5,9,10,11,12,13,14,15,16,17,18</monday>
		<tuesday>8.5,9,10,11,12,13,14,15,16,17,18</tuesday>
		<wednesday>8.5,9,10,11,12,13,14,15,16,17,18</wednesday>
		<thursday>8.5,9,10,11,12,13,14,15,16,17,18</thursday>
		<friday>8.5,9,10,11,12,13,14,15,16,17</friday>
		<saturday>9,10,11,12,13</saturday>
		<sunday>0</sunday>
	</location>
	<location>
		<name>Seawolves Marketplace</name>
		<monday>8.5,9,10,11,12,13,14,15,16,17,18</monday>
		<tuesday>8.5,9,10,11,12,13,14,15,16,17,18</tuesday>
		<wednesday>8.5,9,10,11,12,13,14,15,16,17,18</wednesday>
		<thursday>8.5,9,10,11,12,13,14,15,16,17,18</thursday>
		<friday>8.5,9,10,11,12,13,14,15,16,17</friday>
		<saturday>10,11,12,13,14,15,16</saturday>
		<sunday>10,11,12,13,14,15,16</sunday>
	</location>
	<location>
		<name>Student Staffer Resources</name>
		<monday>9,10,11,12,13,14,15,16,17</monday>
		<tuesday>9,10,11,12,13,14,15,16,17</tuesday>
		<wednesday>9,10,11,12,13,14,15,16,17</wednesday>
		<thursday>9,10,11,12,13,14,15,16,17</thursday>
		<friday>9,10,11,12,13,14,15,16,17</friday>
		<saturday>0</saturday>
		<sunday>0</sunday>
	</location>
	<location>
		<name>Studio 97</name>
		<monday>10,11,12,13,14,15,16,17.5</monday>
		<tuesday>12,13,14,15,16,17,18,19,20</tuesday>
		<wednesday>12,13,14,15,16,17,18,19,20</wednesday>
		<thursday>10,11,12,13,14,15,16,17.5</thursday>
		<friday>10,11,12,13,14,15,16,17.5</friday>
		<saturday>0</saturday>
		<sunday>0</sunday>
	</location>
	<location>
		<name>The UPS Store (Union)</name>
		<monday>0</monday>
		<tuesday>0</tuesday>
		<wednesday>0</wednesday>
		<thursday>0</thursday>
		<friday>0</friday>
		<saturday>0</saturday>
		<sunday>0</sunday>
	</location>
	<location>
		<name>The UPS Store (Library)</name>
		<monday>9,10,11,12,13,14,15,16,17,18</monday>
		<tuesday>9,10,11,12,13,14,15,16,17,18</tuesday>
		<wednesday>9,10,11,12,13,14,15,16,17,18</wednesday>
		<thursday>9,10,11,12,13,14,15,16,17,18</thursday>
		<friday>9,10,11,12,13,14,15,16,17,18</friday>
		<saturday>10,11,12,13,14</saturday>
		<sunday>10,11,12,13,14</sunday>
	</location>
	<location>
		<name>University Bookstore</name>
		<monday>8.5,9,10,11,12,13,14,15,16,17,18</monday>
		<tuesday>8.5,9,10,11,12,13,14,15,16,17,18</tuesday>
		<wednesday>8.5,9,10,11,12,13,14,15,16,17,18</wednesday>
		<thursday>8.5,9,10,11,12,13,14,15,16,17,18</thursday>
		<friday>8.5,9,10,11,12,13,14,15,16</friday>
		<saturday>12,13,14,15,16</saturday>
		<sunday>0</sunday>
	</location>
	<location>
		<name>FSA Bookstore Liaison Office Hours</name>
		<monday>9,10,11,12,13,14,15,16,17</monday>
		<tuesday>9,10,11,12,13,14,15,16,17</tuesday>
		<wednesday>9,10,11,12,13,14,15,16,17</wednesday>
		<thursday>9,10,11,12,13,14,15,16,17</thursday>
		<friday>9,10,11,12,13,14,15,16,17</friday>
		<saturday>0</saturday>
		<sunday>0</sunday>
	</location>
</fsa>
