<?xml version="1.0" encoding="UTF-8" ?>
<dining>
	<location>
		<name>SAC Omelet Pan</name>
		<tuesdayy>7.5,8,9,10.5,34.5</tuesdayy>
		<wednesdayy>7.5,8,9,10.5,34.5</wednesdayy>
		<thursdayy>7.5,8,9,10.5,34.5</thursdayy>
		<fridayy>7.5,8,9,10.5,34.5</fridayy>
		<saturdayy>12,13,14</saturdayy>
		<sundayy>12,13,14</sundayy>
		<monday>7.5,8,9,10.5,34.5</monday>
		<tuesday>7.5,8,9,10.5,34.5</tuesday>
		<wednesday>7.5,8,9,10.5,34.5</wednesday>
		<thursday>7.5,8,9,10.534.5</thursday>
		<friday>7.5,8,9,10.5,34.5</friday>
	</location>
	<location>
		<name>SAC Action Station</name>
		<tuesdayy>11,12,13,14,15</tuesdayy>
		<wednesdayy>11,12,13,14,15</wednesdayy>
		<thursdayy>11,12,13,14,15</thursdayy>
		<fridayy>11,12,13,14,15</fridayy>
		<saturdayy>0</saturdayy>
		<sundayy>0</sundayy>
		<monday>11,12,13,14,15</monday>
		<tuesday>11,12,13,14,15</tuesday>
		<wednesday>11,12,13,14,15</wednesday>
		<thursday>11,12,13,14,15</thursday>
		<friday>11,12,13,14,15</friday>
	</location>
	<location>
		<name>SAC Phi Beta Bagel</name>
		<tuesdayy>7.5,8,9,10,34.5</tuesdayy>
		<wednesdayy>7.5,8,9,10,34.5</wednesdayy>
		<thursdayy>7.5,8,9,10,34.5</thursdayy>
		<fridayy>7.5,8,9,10,34.5</fridayy>
		<saturdayy>0</saturdayy>
		<sundayy>0</sundayy>
		<monday>7.5,8,9,10,34.5</monday>
		<tuesday>7.5,8,9,10,34.5</tuesday>
		<wednesday>7.5,8,9,10,34.5</wednesday>
		<thursday>7.5,8,9,10,34.5</thursday>
		<friday>7.5,8,9,10,34.5</friday>
	</location>
	<location>
		<name>SAC Ignite Breakfast</name>
		<tuesdayy>7.5,8,9,10,34.5</tuesdayy>
		<wednesdayy>7.5,8,9,10,34.5</wednesdayy>
		<thursdayy>7.5,8,9,10,34.5</thursdayy>
		<fridayy>7.5,8,9,10,34.5</fridayy>
		<saturdayy>0</saturdayy>
		<sundayy>0</sundayy>
		<monday>7.5,8,9,10,34.5</monday>
		<tuesday>7.5,8,9,10,34.5</tuesday>
		<wednesday>7.5,8,9,10,34.5</wednesday>
		<thursday>7.5,8,9,10,34.5</thursday>
		<friday>7.5,8,9,10,34.5</friday>
	</location>
	<location>
		<name>SAC Ignite Grill</name>
		<tuesdayy>10.5,11,12,13,14,15,16,17,18,19,20,21,22,23,24</tuesdayy>
		<wednesdayy>10.5,11,12,13,14,15,16,17,18,19,20,21,22,23,24</wednesdayy>
		<thursdayy>10.5,11,12,13,14,15,16,17,18,19,20,21,22,23,24</thursdayy>
		<fridayy>10.5,11,12,13,14,15,16,17,18,19,20</fridayy>
		<saturdayy>12,13,14,15,16,17,18</saturdayy>
		<sundayy>12,13,14,15,16,17,18</sundayy>
		<monday>10.5,11,12,13,14,15,16,17,18,19,20,21,22,23,24</monday>
		<tuesday>10.5,11,12,13,14,15,16,17,18,19,20,21,22,23,24</tuesday>
		<wednesday>10.5,11,12,13,14,15,16,17,18,19</wednesday>
		<thursday>10.5,11,12,13,14,15,16,17,18,19</thursday>
		<friday>10.5,11,12,13,14,15,16,17,18,19</friday>
	</location>
	<location>
		<name>Mulbery Street Breakfast</name>
		<tuesdayy>7.5,8,9,10,34.5</tuesdayy>
		<wednesdayy>7.5,8,9,10,34.5</wednesdayy>
		<thursdayy>7.5,8,9,10,34.5</thursdayy>
		<fridayy>7.5,8,9,10,34.5</fridayy>
		<saturdayy>0</saturdayy>
		<sundayy>0</sundayy>
		<monday>7.5,8,9,10,34.5</monday>
		<tuesday>7.5,8,9,10,34.5</tuesday>
		<wednesday>7.5,8,9,10,34.5</wednesday>
		<thursday>7.5,8,9,10,34.5</thursday>
		<friday>7.5,8,9,10,34.5</friday>
	</location>
	<location>
		<name>Mulbery Street Entree</name>
		<tuesdayy>11,12,13,14,15,16,17,18,19,20</tuesdayy>
		<wednesdayy>11,12,13,14,15,16,17,18,19,20</wednesdayy>
		<thursdayy>11,12,13,14,15,16,17,18,19,20</thursdayy>
		<fridayy>11,12,13,14,15,16,17,18,19,20</fridayy>
		<saturdayy>12,13,14,15,16,17,18</saturdayy>
		<sundayy>12,13,14,15,16,17,18</sundayy>
		<monday>11,12,13,14,15,16,17,18,19,20</monday>
		<tuesday>11,12,13,14,15,16,17,18,19,20</tuesday>
		<wednesday>11,12,13,14,15,16,17,18,19</wednesday>
		<thursday>11,12,13,14,15,16,17,18,19</thursday>
		<friday>11,12,13,14,15,16,17,18,19</friday>
	</location>
	<location>
		<name>SAC Pizza</name>
		<tuesdayy>10,11,12,13,14,15,16,17,18,19,20,21,22,23,24</tuesdayy>
		<wednesdayy>10,11,12,13,14,15,16,17,18,19,20,21,22,23,24</wednesdayy>
		<thursdayy>110,11,12,13,14,15,16,17,18,19,20,21,22,23,24</thursdayy>
		<fridayy>10,11,12,13,14,15,16,17,18,19,20</fridayy>
		<saturdayy>12,13,14,15,16,17,18</saturdayy>
		<sundayy>12,13,14,15,16,17,18</sundayy>
		<monday>11,12,13,14,15,16,17,18,19,20,21,22,23,24</monday>
		<tuesday>11,12,13,14,15,16,17,18,19,20,21,22,23,24</tuesday>
		<wednesday>11,12,13,14,15,16,17,18,19</wednesday>
		<thursday>11,12,13,14,15,16,17,18,19</thursday>
		<friday>11,12,13,14,15,16,17,18,19</friday>
	</location>
	<location>
		<name>Wrap it Up</name>
		<tuesdayy>10.5,11,12,13,14,15,16,17,18,19,20,21,22</tuesdayy>
		<wednesdayy>10.5,11,12,13,14,15,16,17,18,19,20,21,22</wednesdayy>
		<thursdayy>10.5,11,12,13,14,15,16,17,18,19,20,21,22</thursdayy>
		<fridayy>10,11,12,13,14,15,16,17,18,19,20</fridayy>
		<saturdayy>0</saturdayy>
		<sundayy>0</sundayy>
		<monday>10.5,11,12,13,14,15,16,17,18,19,20,21,22</monday>
		<tuesday>10.5,11,12,13,14,15,16,17,18,19,20,21,22</tuesday>
		<wednesday>10.5,11,12,13,14,15,16,17,18,19</wednesday>
		<thursday>10.5,11,12,13,14,15,16,17,18,19</thursday>
		<friday>10.5,11,12,13,14,15,16,17,18,19</friday>
	</location>
	<location>
		<name>Native Spice Breakfast</name>
		<tuesdayy>9,10.5</tuesdayy>
		<wednesdayy>9,10.5</wednesdayy>
		<thursdayy>9,10.5</thursdayy>
		<fridayy>9,10.5</fridayy>
		<saturdayy>0</saturdayy>
		<sundayy>0</sundayy>
		<monday>9,10.5</monday>
		<tuesday>9,10.5</tuesday>
		<wednesday>9,10.5</wednesday>
		<thursday>0</thursday>
		<friday>0</friday>
	</location>
	<location>
		<name>Native Spice Entree</name>
		<tuesdayy>11,12,13,14,15,16,17,18,19,20,21</tuesdayy>
		<wednesdayy>11,12,13,14,15,16,17,18,19,20,21</wednesdayy>
		<thursdayy>11,12,13,14,15,16,17,18,19,20,21</thursdayy>
		<fridayy>11,12,13,14,15,16,17,18,19,20</fridayy>
		<saturdayy>0</saturdayy>
		<sundayy>0</sundayy>
		<monday>11,12,13,14,15,16,17,18,19,20,21</monday>
		<tuesday>11,12,13,14,15,16,17,18,19,20,21</tuesday>
		<wednesday>11,12,13,14,15,16,17,18,19</wednesday>
		<thursday>11,12,13,14,15,16</thursday>
		<friday>11,12,13,14,15,16</friday>
	</location>
	<location>
		<name>Salad Bar</name>
		<tuesdayy>10.5,11,12,13,14,15,16,17,18,19,20,21,22</tuesdayy>
		<wednesdayy>10.5,11,12,13,14,15,16,17,18,19,20,21,22</wednesdayy>
		<thursdayy>10.5,11,12,13,14,15,16,17,18,19,20,21,22</thursdayy>
		<fridayy>10.5,11,12,13,14,15,16,17,18,19,20</fridayy>
		<saturdayy>12,13,14,15,16,17,18</saturdayy>
		<sundayy>12,13,14,15,16,17,18</sundayy>
		<monday>10.5,11,12,13,14,15,16,17,18,19,20,21,22</monday>
		<tuesday>10.5,11,12,13,14,15,16,17,18,19,20,21,22</tuesday>
		<wednesday>10.5,11,12,13,14,15,16,17,18,19</wednesday>
		<thursday>10.5,11,12,13,14,15,16</thursday>
		<friday>10.5,11,12,13,14,15,16,17,18,19</friday>
	</location>
	<location>
		<name>Soup</name>
		<tuesdayy>7.5,8,9,10,11,12,13,14,15,16,17,</tuesdayy>
		<wednesdayy>10.5,11,12,13,14,15,16,17,18,19,20,21,22</wednesdayy>
		<thursdayy>10.5,11,12,13,14,15,16,17,18,19,20,21,22</thursdayy>
		<fridayy>10.5,11,12,13,14,15,16,17,18,19,20</fridayy>
		<saturdayy>12,13,14,15,16,17,18</saturdayy>
		<sundayy>12,13,14,15,16,17,18</sundayy>
		<monday>10.5,11,12,13,14,15,16,17,18,19,20,21,22</monday>
		<tuesday>10.5,11,12,13,14,15,16,17,18,19,20,21,22</tuesday>
		<wednesday>10.5,11,12,13,14,15,16,17,18,19</wednesday>
		<thursday>10.5,11,12,13,14,15,16</thursday>
		<friday>10.5,11,12,13,14,15,16,17,18,19</friday>
	</location>
	<location>
		<name>Yogurt Mania</name>
		<tuesdayy>7.5,8,9,10,11,12,13,14,15,16,17</tuesdayy>
		<wednesdayy>10.5,11,12,13,14,15,16,17,18,19,20,21,22</wednesdayy>
		<thursdayy>10.5,11,12,13,14,15,16,17,18,19,20,21,22</thursdayy>
		<fridayy>10.5,11,12,13,14,15,16,17,18,19,20</fridayy>
		<saturdayy>12,13,14,15,16,17,18</saturdayy>
		<sundayy>12,13,14,15,16,17,18</sundayy>
		<monday>10.5,11,12,13,14,15,16,17,18,19,20,21,22</monday>
		<tuesday>10.5,11,12,13,14,15,16,17,18,19,20,21,22</tuesday>
		<wednesday>10.5,11,12,13,14,15,16,17,18,19</wednesday>
		<thursday>10.5,11,12,13,14,15,16</thursday>
		<friday>10.5,11,12,13,14,15,16,17,18,19</friday>
	</location>
	
	<location>
		<name>Union Deli</name>
		<tuesdayy>7.5,8,9,10,11,12,13,14,15,16,17,18,19,20,21,22,23,24</tuesdayy>
		<wednesdayy>7.5,8,9,10,11,12,13,14,15,16,17,18,19,20,21,22,23,24</wednesdayy>
		<thursdayy>7.5,8,9,10,11,12,13,14,15,16,17,18,19,20,21,22,23,24</thursdayy>
		<fridayy>7.5,8,9,10,11,12,13,14,15,16,17,18,19,20,21,22,23</fridayy>
		<saturdayy>9,10,11,12,13,14,15,16,17,18,19,20,21,22,23</saturdayy>
		<sundayy>9,10,11,12,13,14,15,16,17,18,19,20,21,22,23</sundayy>
		<monday>7.5,8,9,10,11,12,13,14,15,16,17,18,19,20,21,22,23,24</monday>
		<tuesday>7.5,8,9,10,11,12,13,14,15,16,17,18,19,20,21,22,23,24</tuesday>
		<wednesday>7.5,8,9,10,11,12,13,14</wednesday>
		<thursday>7.5,8,9,10,11,12,13,14,15,16,17,18</thursday>
		<friday>7.5,8,9,10,11,12,13,14</friday>
	</location>
	<location>
		<name>Starbucks (Union)</name>
		<tuesdayy>7.5,8,9,10,11,12,13,14,15,16,17,18,19,20,21,22,23,24,25</tuesdayy>
		<wednesdayy>7.5,8,9,10,11,12,13,14,15,16,17,18,19,20,21,22,23,25</wednesdayy>
		<thursdayy>7.5,8,9,10,11,12,13,14,15,16,17,18,19,20,21,22,23,25</thursdayy>
		<fridayy>7.5,8,9,10,11,12,13,14,15,16,17,18,19,20,21,22,23,24</fridayy>
		<saturdayy>11,12,13,14,15,16,17,18,19,20,21,22,23,24</saturdayy>
		<sundayy>11,12,13,14,15,16,17,18,19,20,21,22,23,24</sundayy>
		<monday>7.5,8,9,10,11,12,13,14,15,16,17,18,19,20,21,22,23,24,25</monday>
		<tuesday>7.5,8,9,10,11,12,13,14,15,16,17,18,19,20,21,22,23,24,25</tuesday>
		<wednesday>7.5,8,9,10,11,12,13,14,15,16</wednesday>
		<thursday>8.5,9,10,11,12,13,14,15,16</thursday>
		<friday>8.5,9,10,11,12,13,14,15,16</friday>
	</location>
	<location>
		<name>Delancey Street</name>
		<tuesdayy>12,13,14,15,16,17,18,19</tuesdayy>
		<wednesdayy>12,13,14,15,16,17,18,19</wednesdayy>
		<thursdayy>12,13,14,15,16,17,18,19</thursdayy>
		<fridayy>12,13,14</fridayy>
		<saturdayy>0</saturdayy>
		<sundayy>0</sundayy>
		<monday>12,13,14,15,16,17,18,19</monday>
		<tuesday>12,13,14,15,16,17,18,19</tuesday>
		<wednesday>12,13,14</wednesday>
		<thursday>0</thursday>
		<friday>0</friday>
	</location>
	<location>
		<name>Picantes</name>
		<tuesdayy>11,12,13,14,15,16,17,18,19,20,21,22</tuesdayy>
		<wednesdayy>11,12,13,14,15,16,17,18,19,20,21,22</wednesdayy>
		<thursdayy>11,12,13,14,15,16,17,18,19,20,21,22</thursdayy>
		<fridayy>11,12,13,14,15,16,17,18,19,20,21,22</fridayy>
		<saturdayy>0</saturdayy>
		<sundayy>0</sundayy>
		<monday>11,12,13,14,15,16,17,18,19,20,21,22</monday>
		<tuesday>11,12,13,14,15,16,17,18,19,20,21,22</tuesday>
		<wednesday>11,12,13,14,15,16,17</wednesday>
		<thursday>0</thursday>
		<friday>0</friday>
	</location>
	
	<location>
		<name>Ignite</name>
		<tuesdayy>11,12,13,14,15,16,17,18,19,20,21,22,23,24,25,26,27</tuesdayy>
		<wednesdayy>11,12,13,14,15,16,17,18,19,20,21,22,23,24,25,26,27</wednesdayy>
		<thursdayy>11,12,13,14,15,16,17,18,19,20,21,22,23,24,25,26,27</thursdayy>
		<fridayy>11,12,13,14</fridayy>
		<saturdayy>11,12,13,14</saturdayy>
		<sundayy>5.5,6,7,8,9,10</sundayy>
		<monday>11,12,13,14,15,16,17,18,19,20,21,22,23,24,25,26,27</monday>
		<tuesday>11,12,13,14,15,16,17,18,19,20,21,22,23,24,25,26,27</tuesday>
		<wednesday>11,12,13,14,15,16,17</wednesday>
		<thursday>0</thursday>
		<friday>0</friday>
	</location>
		<location>
		<name>U-Pick</name>
		<tuesdayy>11,12,13,14,15,16,17,18,19,20,21,22</tuesdayy>
		<wednesdayy>11,12,13,14,15,16,17,18,19,20,21,22</wednesdayy>
		<thursdayy>11,12,13,14,15,16,17,18,19,20,21,22</thursdayy>
		<fridayy>11,12,13,14,15,16,17,18,19,20,21,22</fridayy>
		<saturdayy>11,12,13,14,15,16,17,18,19,20,21,22</saturdayy>
		<sundayy>0</sundayy>
		<monday>11,12,13,14,15,16,17,18,19,20,21,22</monday>
		<tuesday>11,12,13,14,15,16,17</tuesday>
		<wednesday>0</wednesday>
		<thursday>0</thursday>
		<friday>0</friday>
	</location>
	
<location>
		<name>Halal</name>
		<tuesdayy>11,12,13,14,15,16,17,18,19,20,21,22</tuesdayy>
		<wednesdayy>11,12,13,14,15,16,17,18,19,20,21,22</wednesdayy>
		<thursdayy>11,12,13,14,15,16,17,18,19,20,21,22</thursdayy>
		<fridayy>11,12,13,14,15,16,17,18,19,20,21,22</fridayy>
		<saturdayy>11,12,13,14,15,16,17,18,19,20,21,22</saturdayy>
		<sundayy>0</sundayy>
		<monday>11,12,13,14,15,16,17,18,19,20,21,22</monday>
		<tuesday>11,12,13,14,15,16,17</tuesday>
		<wednesday>0</wednesday>
		<thursday>0</thursday>
		<friday>0</friday>
	</location>
	<location>
		<name>Green Street Cafe</name>
		<tuesdayy>11,12,13,14,15,16,17,18,19,20,21,22</tuesdayy>
		<wednesdayy>11,12,13,14,15,16,17,18,19,20,21,22</wednesdayy>
		<thursdayy>11,12,13,14,15,16,17,18,19,20,21,22</thursdayy>
		<fridayy>11,12,13,14,15,16,17,18,19,20,21,22</fridayy>
		<saturdayy>0</saturdayy>
		<sundayy>0</sundayy>
		<monday>11,12,13,14,15,16,17,18,19,20,21,22</monday>
		<tuesday>11,12,13,14,15,16,17</tuesday>
		<wednesday>0</wednesday>
		<thursday>0</thursday>
		<friday>0</friday>
	</location>
	<location>
		<name>Buenos Nachos Express</name>
		<tuesdayy>22.5,23,24,25,26,27</tuesdayy>
		<wednesdayy>22.5,23,24,25,26,27</wednesdayy>
		<thursdayy>22.5,23,24,25,26,27</thursdayy>
		<fridayy>22.5,23,24,25,26</fridayy>
		<saturdayy>11,12,13,14,15,16,17,18,19,20,21,22,23,24,25,26</saturdayy>
		<sundayy>17.5,18,19,20,21,22,23,24,25,26</sundayy>
		<monday>10.5,11,12,13,14,15,16,17,18,19,20,21,22,23,24,25,26,27</monday>
		<tuesday>10.5,11,12,13,14,15,16,17,18,19,20,21,22,23,24,25,26,27</tuesday>
		<wednesday>0</wednesday>
		<thursday>0</thursday>
		<friday>0</friday>
	</location>
	<location>
		<name>Brunch Union</name>
		<tuesdayy>0</tuesdayy>
		<wednesdayy>0</wednesdayy>
		<thursdayy>0</thursdayy>
		<fridayy>0</fridayy>
		<saturdayy>0</saturdayy>
		<sundayy>10.5,11,12,13,15</sundayy>
		<monday>0</monday>
		<tuesday>0</tuesday>
		<wednesday>0</wednesday>
		<thursday>0</thursday>
		<friday>0</friday>
	</location>
		<location>
		<name>Native Spice Union</name>
		<tuesdayy>11,12,13,14,15,16,17,18,19,20,21,22,23,24,25,26,27</tuesdayy>
		<wednesdayy>11,12,13,14,15,16,17,18,19,20,21,22,23,24,25,26,27</wednesdayy>
		<thursdayy>11,12,13,14,15,16,17,18,19,20,21,22,23,24,25,26,27</thursdayy>
		<fridayy>11,12,13,14</fridayy>
		<saturdayy>0</saturdayy>
		<sundayy>5.5,6,7,8,9,10</sundayy>
		<monday>11,12,13,14,15,16,17,18,19,20,21,22,23,24,25,26,27</monday>
		<tuesday>11,12,13,14,15,16,17,18,19,20,21,22,23,24,25,26,27</tuesday>
		<wednesday>11,12,13,14,15,16,17</wednesday>
		<thursday>0</thursday>
		<friday>0</friday>
	</location>
	
	<location>
		<name>Corner Cafe</name>
		<tuesdayy>7,8,9,10,11,12,13,14,15,16,17,18,19,20,21,22,23,24</tuesdayy>
		<wednesdayy>7,8,9,10,11,12,13,14,15,16,17,18,19,20,21,22,23,24</wednesdayy>
		<thursdayy>7,8,9,10,11,12,13,14,15,16,17,18,19,20,21,22,23,24</thursdayy>
		<fridayy>7,8,9,10,11,12,13,14,15,16,17,18,19,20,21,22,23,24</fridayy>
		<saturdayy>7,8,9,10,11,12,13,14,15,16,17,18,19,20,21,22,23,24</saturdayy>
		<sundayy>7,8,9,10,11,12,13,14,15,16,17,18,19,20,21,22,23,24</sundayy>
		<monday>7,8,9,10,11,12,13,14,15,16,17,18,19,20,21,22,23,24</monday>
		<tuesday>7,8,9,10,11,12,13,14,15,16,17,18,19,20,21,22,23,24</tuesday>
		<wednesday>7,8,9,10,11,12,13,14,15,16,17,18,19,20,21</wednesday>
		<thursday>0</thursday>
		<friday>0</friday>
	</location>
	<location>
		<name>Bob's BBQ</name>
		<tuesdayy>7,8,9,10,11,12,13,14,15,16,17,18,19,20,21,22.5</tuesdayy>
		<wednesdayy>7,8,9,10,11,12,13,14,15,16,17,18,19,20,21,22.5</wednesdayy>
		<thursdayy>7,8,9,10,11,12,13,14,15,16,17,18,19,20,21,22.5</thursdayy>
		<fridayy>7,8,9,10,11,12,13,14,15,16,17,18,19,20,21,22.5</fridayy>
		<saturdayy>10.5,11,12,13,14,15,16,17,18,19,20,21,22.5</saturdayy>
		<sundayy>10.5,11,12,13,14,15,16,17,18,19,20,21,22.5</sundayy>
		<monday>7,8,9,10,11,12,13,14,15,16,17,18,19,20,21,22.5</monday>
		<tuesday>7,8,9,10,11,12,13,14,15,16,17,18,19,20,21,22.5</tuesday>
		<wednesday>7,8,9,10,11,12,13,14,15,16,17,18,19,20,21</wednesday>
		<thursday>0</thursday>
		<friday>0</friday>
	</location>
	<location>
		<name>Kelly Deli</name>
		<tuesdayy>10.5,11,12,13,14,15,16,17,18,19,20,21,22,23,24,25,26,27</tuesdayy>
		<wednesdayy>10.5,11,12,13,14,15,16,17,18,19,20,21,22,23,24,25,26,27</wednesdayy>
		<thursdayy>10.5,11,12,13,14,15,16,17,18,19,20,21,22,23,24,25,26,27</thursdayy>
		<fridayy>10.5,11,12,13,14,15,16,17,18,19,20,21,22,23,24,25,26,27</fridayy>
		<saturdayy>11,12,13,14,15,16,17,18,19,20,21,22,23,24,25,26,27</saturdayy>
		<sundayy>11,12,13,14,15,16,17,18,19,20,21,22,23,24,25,26,27</sundayy>
		<monday>10.5,11,12,13,14,15,16,17,18,19,20,21,22,23,24,25,26,27</monday>
		<tuesday>10.5,11,12,13,14,15,16,17,18,19,20,21,22,23,24,25,26,27</tuesday>
		<wednesday>7,8,9,10,11,12,13,14,15,16,17,18,19,20,21</wednesday>
		<thursday>0</thursday>
		<friday>0</friday>
	</location>
	
	<location>
		<name>Chef Jet Breakfast</name>
		<tuesdayy>0</tuesdayy>
		<wednesdayy>0</wednesdayy>
		<thursdayy>0</thursdayy>
		<fridayy>0</fridayy>
		<saturdayy>0</saturdayy>
		<sundayy>0</sundayy>
		<monday>0</monday>
		<tuesday>0</tuesday>
		<wednesday>0</wednesday>
		<thursday>0</thursday>
		<friday>0</friday>
	</location>
	<location>
		<name>Chef Jet Dinner</name>
		<tuesdayy>11,12,13,14,15,16,17,18,19,20,21,22</tuesdayy>
		<wednesdayy>11,12,13,14,15,16,17,18,19,20,21,22</wednesdayy>
		<thursdayy>11,12,13,14,15,16,17,18,19,20,21,22</thursdayy>
		<fridayy>11,12,13,14,15,16,17,18,19,20,21,22</fridayy>
		<saturdayy>0</saturdayy>
		<sundayy>0</sundayy>
		<monday>11,12,13,14,15,16,17,18,19,20,21,22</monday>
		<tuesday>11,12,13,14,15,16,17,18,19,20,21,22</tuesday>
		<wednesday>11,12,13,14,15,16,17,18,19,20,21</wednesday>
		<thursday>0</thursday>
		<friday>0</friday>
	</location>
	
	<location>
		<name>International Market</name>
		<tuesdayy>11,12,13,14,15,16,17,18,19,20,21,22,23,24,25,26,27</tuesdayy>
		<wednesdayy>11,12,13,14,15,16,17,18,19,20,21,22,23,24,25,26,27</wednesdayy>
		<thursdayy>11,12,13,14,15,16,17,18,19,20,21,22,23,24,25,26,27</thursdayy>
		<fridayy>11,12,13,14,15,16,17,18,19,20,21,22,23,24,25,26,27</fridayy>
		<saturdayy>11,12,13,14,15,16,17,18,19,20,21,22,23,24,25,26,27</saturdayy>
		<sundayy>11,12,13,14,15,16,17,18,19,20,21,22,23,24,25,26,27</sundayy>
		<monday>11,12,13,14,15,16,17,18,19,20,21,22,23,24,25,26,27</monday>
		<tuesday>11,12,13,14,15,16,17,18,19,20,21,22,23,24,25,26,27</tuesday>
		<wednesday>11,12,13,14,15,16,17,18,19,20,21</wednesday>
		<thursday>0</thursday>
		<friday>0</friday>
	</location>
	<location>
		<name>Grab N Go</name>
		<tuesdayy>7,8,9,10,11,12,13,14,15,16,17,18,19,20,21,22,23,24,25,26,27</tuesdayy>
		<wednesdayy>7,8,9,10,11,12,13,14,15,16,17,18,19,20,21,22,23,24,25,26,27</wednesdayy>
		<thursdayy>7,8,9,10,11,12,13,14,15,16,17,18,19,20,21,22,23,24,25,26,27</thursdayy>
		<fridayy>7,8,9,10,11,12,13,14,15,16,17,18,19,20,21,22,23,24,25,26,27</fridayy>
		<saturdayy>7,8,9,10,11,12,13,14,15,16,17,18,19,20,21,22,23,24,25,26,27</saturdayy>
		<sundayy>7,8,9,10,11,12,13,14,15,16,17,18,19,20,21,22,23,24,25,26,27</sundayy>
		<monday>7,8,9,10,11,12,13,14,15,16,17,18,19,20,21,22,23,24,25,26,27</monday>
		<tuesday>7,8,9,10,11,12,13,14,15,16,17,18,19,20,21,22,23,24,25,26,27</tuesday>
		<wednesday>7,8,9,10,11,12,13,14,15,16,17,18,19,20,21</wednesday>
		<thursday>0</thursday>
		<friday>0</friday>
	</location>
	<location>
		<name>Soup and Salad</name>
		<tuesdayy>10.5,11,12,13,14,15,16,17,18,19,20,21,22,23,24</tuesdayy>
		<wednesdayy>10.5,11,12,13,14,15,16,17,18,19,20,21,22,23,24</wednesdayy>
		<thursdayy>10.5,11,12,13,14,15,16,17,18,19,20,21,22,23,24</thursdayy>
		<fridayy>10.5,11,12,13,14,15,16,17,18,19,20,21,22,23,24</fridayy>
		<saturdayy>10.5,11,12,13,14,15,16,17,18,19,20,21,22,23,24</saturdayy>
		<sundayy>10.5,11,12,13,14,15,16,17,18,19,20,21,22,23,24</sundayy>
		<monday>10.5,11,12,13,14,15,16,17,18,19,20,21,22,23,24</monday>
		<tuesday>10.5,11,12,13,14,15,16,17,18,19,20,21,22,23,24</tuesday>
		<wednesday>10.5,11,12,13,14,15,16,17,18,19,20,21</wednesday>
		<thursday>0</thursday>
		<friday>0</friday>
	</location>
	<location>
		<name>Pizza,Pasta and Panini</name>
		<tuesdayy>10.5,11,12,13,14,15,16,17,18,19,20,21,22,23,24</tuesdayy>
		<wednesdayy>10.5,11,12,13,14,15,16,17,18,19,20,21,22,23,24</wednesdayy>
		<thursdayy>10.5,11,12,13,14,15,16,17,18,19,20,21,22,23,24</thursdayy>
		<fridayy>10.5,11,12,13,14,15,16,17,18,19,20,21,22,23,24</fridayy>
		<saturdayy>10.5,11,12,13,14,15,16,17,18,19,20,21,22,23,24</saturdayy>
		<sundayy>10.5,11,12,13,14,15,16,17,18,19,20,21,22,23,24</sundayy>
		<monday>10.5,11,12,13,14,15,16,17,18,19,20,21,22,23,24</monday>
		<tuesday>10.5,11,12,13,14,15,16,17,18,19,20,21,22,23,24</tuesday>
		<wednesday>10.5,11,12,13,14,15,16,17,18,19,20,21</wednesday>
		<thursday>0</thursday>
		<friday>0</friday>
	</location>
	
	<location>
		<name>Brunch West</name>
		<tuesdayy>0</tuesdayy>
		<wednesdayy>0</wednesdayy>
		<thursdayy>0</thursdayy>
		<fridayy>0</fridayy>
		<saturdayy>10.5,11,12,13,14,15</saturdayy>
		<sundayy>0</sundayy>
		<monday>0</monday>
		<tuesday>0</tuesday>
		<wednesday>0</wednesday>
		<thursday>0</thursday>
		<friday>0</friday>
	</location>
	
	<location>
		<name>Starbucks (Roth)</name>
		<tuesdayy>7.5,8,9,10,11,12,13,14,15,16,17,18,19,20,21,22,23,24,25</tuesdayy>
		<wednesdayy>7.5,8,9,10,11,12,13,14,15,16,17,18,19,20,21,22,23,25</wednesdayy>
		<thursdayy>7.5,8,9,10,11,12,13,14,15,16,17,18,19,20,21,22,23,25</thursdayy>
		<fridayy>7.5,8,9,10,11,12,13,14,15,16,17,18,19,20,21,22,23,24,25</fridayy>
		<saturdayy>8.5,9,10,11,12,13,14,15,16,17,18,19,20,21,22,23,24</saturdayy>
		<sundayy>8.5,9,10,11,12,13,14,15,16,17,18,19,20,21,22,23,24</sundayy>
		<monday>7.5,8,9,10,11,12,13,14,15,16,17,18,19,20,21,22,23,24,25</monday>
		<tuesday>7.5,8,9,10,11,12,13,14,15,16,17,18,19,20,21,22,23,24,25</tuesday>
		<wednesday>7.5,8,9,10,11,12,13,14,15,16,17,18,19,20</wednesday>
		<thursday>0</thursday>
		<friday>0</friday>
	</location>
	<location>
		<name>Wendy's</name>
		<tuesdayy>11.5,12,13,14,15,16,17,18,19,20,21,22,23,24,25,26</tuesdayy>
		<wednesdayy>11.5,12,13,14,15,16,17,18,19,20,21,22,23,24,25,26</wednesdayy>
		<thursdayy>11.5,12,13,14,15,16,17,18,19,20,21,22,23,24,25,26</thursdayy>
		<fridayy>11.5,12,13,14,15,16,17,18,19,20,21,22,23,24,25,26</fridayy>
		<saturdayy>11.5,12,13,14,15,16,17,18,19,20,21,22,23,24,25</saturdayy>
		<sundayy>11.5,12,13,14,15,16,17,18,19,20,21,22,23,24,25</sundayy>
		<monday>11.5,12,13,14,15,16,17,18,19,20,21,22,23,24,25,26</monday>
		<tuesday>11.5,12,13,14,15,16,17,18,19,20,21,22,23,24,25,26</tuesday>
		<wednesday>11.5,12,13,14,15,16,17,18,19,20</wednesday>
		<thursday>0</thursday>
		<friday>0</friday>
	</location>
	<location>
		<name>s3</name>
		<tuesdayy>11.5,12,13,14,15,16,17,18,19,20,21,22,23,24,25</tuesdayy>
		<wednesdayy>11.5,12,13,14,15,16,17,18,19,20,21,22,23,24,25</wednesdayy>
		<thursdayy>11.5,12,13,14,15,16,17,18,19,20,21,22,23,24,25</thursdayy>
		<fridayy>11.5,12,13,14,15,16,17,18,19,20,21,22,23,24,25</fridayy>
		<saturdayy>0</saturdayy>
		<sundayy>0</sundayy>
		<monday>11.5,12,13,14,15,16,17,18,19,20,21,22,23,24,25</monday>
		<tuesday>11.5,12,13,14,15,16,17,18,19,20,21,22,23,24,25</tuesday>
		<wednesday>0</wednesday>
		<thursday>0</thursday>
		<friday>0</friday>
	</location>
	<location>
		<name>s3 Baguettes</name>
		<tuesdayy>11.5,12,13,14,15,16,17,18,19,20,21,22,23,24,25</tuesdayy>
		<wednesdayy>11.5,12,13,14,15,16,17,18,19,20,21,22,23,24,25</wednesdayy>
		<thursdayy>11.5,12,13,14,15,16,17,18,19,20,21,22,23,24,25</thursdayy>
		<fridayy>11.5,12,13,14,15,16,17,18,19,20,21,22,23,24,25</fridayy>
		<saturdayy>0</saturdayy>
		<sundayy>0</sundayy>
		<monday>11.5,12,13,14,15,16,17,18,19,20,21,22,23,24,25</monday>
		<tuesday>11.5,12,13,14,15,16,17,18,19,20,21,22,23,24,25</tuesday>
		<wednesday>0</wednesday>
		<thursday>0</thursday>
		<friday>0</friday>
		</location>
		
	<location>
		<name>Roth Market Fresh</name>
		<tuesdayy>14,15,16,17,18,19,20,21,22,23</tuesdayy>
		<wednesdayy>14,15,16,17,18,19,20,21,22,23</wednesdayy>
		<thursdayy>14,15,16,17,18,19,20,21,22,23</thursdayy>
		<fridayy>14,15,16,17,18,19,20,21,22,23</fridayy>
		<saturdayy>12,13,14,15,16,17,18,19,20,21,22,23,24,25</saturdayy>
		<sundayy>12,13,14,15,16,17,18,19,20,21,22,23,24,25</sundayy>
		<monday>14,15,16,17,18,19,20,21,22,23</monday>
		<tuesday>14,15,16,17,18,19,20,21,22,23</tuesday>
		<wednesday>0</wednesday>
		<thursday>0</thursday>
		<friday>0</friday>
	</location>
	<location>
		<name>Red Mango</name>
		<tuesdayy>11,12,13,14,15,16,17,18,19,20,21,22,23,24,25</tuesdayy>
		<wednesdayy>11,12,13,14,15,16,17,18,19,20,21,22,23,24,25</wednesdayy>
		<thursdayy>11,12,13,14,15,16,17,18,19,20,21,22,23,24,25</thursdayy>
		<fridayy>11,12,13,14,15,16,17,18,19,20,21,22,23,24,25</fridayy>
		<saturdayy>11,12,13,14,15,16,17,18,19,20,21,22,23,24,25</saturdayy>
		<sundayy>11,12,13,14,15,16,17,18,19,20,21,22,23,24,25</sundayy>
		<monday>11,12,13,14,15,16,17,18,19,20,21,22,23,24,25</monday>
		<tuesday>11,12,13,14,15,16,17,18,19,20,21,22,23,24,25</tuesday>
		<wednesday>11,12,13,14,15,16,17,18,19,20</wednesday>
		<thursday>0</thursday>
		<friday>0</friday>
	</location>
	
	<location>
		<name>Dunkin' Donuts</name>
		<tuesdayy>9,10,11,12,17.5,18,19,20,21,22,23,24,25</tuesdayy>
		<wednesdayy>9,10,11,12,17.5,18,19,20,21,22,23,24,25</wednesdayy>
		<thursdayy>9,10,11,12,17.5,18,19,20,21,22,23,24,25</thursdayy>
		<fridayy>9,10,11,12,17.5,18,19,20,21,22,23,24,25</fridayy>
		<saturdayy>0</saturdayy>
		<sundayy>9,10,11,12,17.5,18,19,20,21,22,23,24</sundayy>
		<monday>9,10,11,12,17.5,18,19,20,21,22,23,24,25</monday>
		<tuesday>9,10,11,12,17.5,18,19,20,21,22,23,24,25</tuesday>
		<wednesday>9,10,11,12</wednesday>
		<thursday>0</thursday>
		<friday>0</friday>
	</location>
	<location>
		<name>Administration Cart</name>
		<tuesdayy>8,9,10,11,12,13,14</tuesdayy>
		<wednesdayy>8,9,10,11,12,13,14</wednesdayy>
		<thursdayy>8,9,10,11,12,13,14</thursdayy>
		<fridayy>8,9,10,11,12,13,14</fridayy>
		<saturdayy>0</saturdayy>
		<sundayy>0</sundayy>
		<monday>8,9,10,11,12,13,14</monday>
		<tuesday>8,9,10,11,12,13,14</tuesday>
		<wednesday>8,9,10,11,12,13,14</wednesday>
		<thursday>8,9,10,11,12,13,14</thursday>
		<friday>8,9,10,11,12,13,14</friday>
	</location>
	<location>
		<name>Life Sciences Cart</name>
		<tuesdayy>8,9,10,11,12,13,14.5</tuesdayy>
		<wednesdayy>8,9,10,11,12,13,14.5</wednesdayy>
		<thursdayy>8,9,10,11,12,13,14.5</thursdayy>
		<fridayy>8,9,10,11,12,13,14.5</fridayy>
		<saturdayy>0</saturdayy>
		<sundayy>0</sundayy>
		<monday>8,9,10,11,12,13,14.5</monday>
		<tuesday>8,9,10,11,12,13,14.5</tuesday>
		<wednesday>8,9,10,11,12,13,14.5</wednesday>
		<thursday>8,9,10,11,12,13,14.5</thursday>
		<friday>8,9,10,11,12,13,14.5</friday>
	</location>
	<location>
		<name>Jasmine</name>
		<tuesdayy>11,12,13,14,15,16,17,18,19,20</tuesdayy>
		<wednesdayy>11,12,13,14,15,16,17,18,19,20</wednesdayy>
		<thursdayy>11,12,13,14,15,16,17,18,19,20</thursdayy>
		<fridayy>11,12,13,14,15,16,17,18,19,20</fridayy>
		<saturdayy>11,12,13,14,15,16,17,18,19,20</saturdayy>
		<sundayy>11,12,13,14,15,16,17,18,19,20</sundayy>
		<monday>11,12,13,14,15,16,17,18,19,20</monday>
		<tuesday>11,12,13,14,15,16,17,18,19,20</tuesday>
		<wednesday>11,12,13,14,15,16,17,18,19,20</wednesday>
		<thursday>11,12,13,14,15,16</thursday>
		<friday>11,12,13,14,15,16</friday>
	</location>
	<location>
		<name>J-Club</name>
		<tuesdayy>11,12,13,14.5</tuesdayy>
		<wednesdayy>11,12,13,14.5</wednesdayy>
		<thursdayy>11,12,13,14.5</thursdayy>
		<fridayy>11,12,13,14.5</fridayy>
		<saturdayy>11,12,13,14,15,16,17,18,19,20</saturdayy>
		<sundayy>11,12,13,14,15,16,17,18,19,20</sundayy>
		<monday>11,12,13,14.5</monday>
		<tuesday>11,12,13,14.5</tuesday>
		<wednesday>11,12,13,14.5</wednesday>
		<thursday>11,12,13,14.5</thursday>
		<friday>11,12,13,14.5</friday>
	</location>
	<location>
		<name>Jasmine Tea House</name>
		<tuesdayy>11,12,13,14,15,16,17,18,19,20</tuesdayy>
		<wednesdayy>11,12,13,14,15,16,17,18,19,20</wednesdayy>
		<thursdayy>11,12,13,14,15,16,17,18,19,20</thursdayy>
		<fridayy>11,12,13,14,15,16,17,18,19,20</fridayy>
		<saturdayy>11,12,13,14,15,16,17,18,19,20</saturdayy>
		<sundayy>11,12,13,14,15,16,17,18,19,20</sundayy>
		<monday>11,12,13,14,15,16,17,18,19,20</monday>
		<tuesday>11,12,13,14,15,16,17,18,19,20</tuesday>
		<wednesday>11,12,13,14,15,16,17,18,19,20</wednesday>
		<thursday>11,12,13,14,15,16</thursday>
		<friday>11,12,13,14,15,16</friday>
	</location>
</dining>
